{
  "highfreq_sin(10\u03c0x)": {
    "MLP": {
      "mse": 0.34724903106689453,
      "n": 20161
    },
    "EfficientKAN": {
      "mse": 0.008444931358098984,
      "n": 20178
    },
    "GeoKAN-gamma": {
      "mse": 0.0007486501708626747,
      "n": 20200
    },
    "GeoKAN-NNMetric": {
      "mse": 4.592259574565105e-05,
      "n": 19734
    },
    "LMKAN-Wav": {
      "mse": 4.592259574565105e-05,
      "n": 19734
    },
    "LMKAN-RBF": {
      "mse": 0.0007910024141892791,
      "n": 19734
    }
  },
  "chirp": {
    "MLP": {
      "mse": 0.23840439319610596,
      "n": 20161
    },
    "EfficientKAN": {
      "mse": 0.0016698898980394006,
      "n": 20178
    },
    "GeoKAN-gamma": {
      "mse": 0.0033528576605021954,
      "n": 20200
    },
    "GeoKAN-NNMetric": {
      "mse": 0.042835816740989685,
      "n": 19734
    },
    "LMKAN-Wav": {
      "mse": 0.042835816740989685,
      "n": 19734
    },
    "LMKAN-RBF": {
      "mse": 0.0001034560555126518,
      "n": 19734
    }
  },
  "step_discontinuity": {
    "MLP": {
      "mse": 0.009619448333978653,
      "n": 20161
    },
    "EfficientKAN": {
      "mse": 0.0015430268831551075,
      "n": 20178
    },
    "GeoKAN-gamma": {
      "mse": 0.00114460161421448,
      "n": 20200
    },
    "GeoKAN-NNMetric": {
      "mse": 0.0007805892964825034,
      "n": 19734
    },
    "LMKAN-Wav": {
      "mse": 0.0007805892964825034,
      "n": 19734
    },
    "LMKAN-RBF": {
      "mse": 0.0010127292480319738,
      "n": 19734
    }
  },
  "narrow_needle": {
    "MLP": {
      "mse": 0.00011102906137239188,
      "n": 20161
    },
    "EfficientKAN": {
      "mse": 2.7276992113911547e-05,
      "n": 20178
    },
    "GeoKAN-gamma": {
      "mse": 8.11665813671425e-06,
      "n": 20200
    },
    "GeoKAN-NNMetric": {
      "mse": 2.293844090672792e-06,
      "n": 19734
    },
    "LMKAN-Wav": {
      "mse": 2.293844090672792e-06,
      "n": 19734
    },
    "LMKAN-RBF": {
      "mse": 5.3631715672963765e-06,
      "n": 19734
    }
  },
  "multiscale_env\u00d7sin": {
    "MLP": {
      "mse": 0.2973760962486267,
      "n": 20161
    },
    "EfficientKAN": {
      "mse": 0.057149726897478104,
      "n": 20178
    },
    "GeoKAN-gamma": {
      "mse": 0.23551324009895325,
      "n": 20200
    },
    "GeoKAN-NNMetric": {
      "mse": 0.0001789863599697128,
      "n": 19734
    },
    "LMKAN-Wav": {
      "mse": 0.0001789863599697128,
      "n": 19734
    },
    "LMKAN-RBF": {
      "mse": 0.08170261234045029,
      "n": 19734
    }
  },
  "sawtooth": {
    "MLP": {
      "mse": 0.17772459983825684,
      "n": 20161
    },
    "EfficientKAN": {
      "mse": 0.025121435523033142,
      "n": 20178
    },
    "GeoKAN-gamma": {
      "mse": 0.012336330488324165,
      "n": 20200
    },
    "GeoKAN-NNMetric": {
      "mse": 0.008072203025221825,
      "n": 19734
    },
    "LMKAN-Wav": {
      "mse": 0.008072203025221825,
      "n": 19734
    },
    "LMKAN-RBF": {
      "mse": 0.03038344532251358,
      "n": 19734
    }
  }
}